"page","image_file"
"1","game_screenshots_generated/batch_0001/shot_00001.png"
"2","game_screenshots_generated/batch_0001/shot_00002.png"
"3","game_screenshots_generated/batch_0001/shot_00003.png"
"4","game_screenshots_generated/batch_0001/shot_00004.png"
"5","game_screenshots_generated/batch_0001/shot_00005.png"
"6","game_screenshots_generated/batch_0001/shot_00006.png"
"7","game_screenshots_generated/batch_0001/shot_00007.png"
"8","game_screenshots_generated/batch_0001/shot_00008.png"
"9","game_screenshots_generated/batch_0001/shot_00009.png"
"10","game_screenshots_generated/batch_0001/shot_00010.png"
"11","game_screenshots_generated/batch_0001/shot_00011.png"
"12","game_screenshots_generated/batch_0001/shot_00012.png"
"13","game_screenshots_generated/batch_0001/shot_00013.png"
"14","game_screenshots_generated/batch_0001/shot_00014.png"
"15","game_screenshots_generated/batch_0001/shot_00015.png"
"16","game_screenshots_generated/batch_0001/shot_00016.png"
"17","game_screenshots_generated/batch_0001/shot_00017.png"
"18","game_screenshots_generated/batch_0001/shot_00018.png"
"19","game_screenshots_generated/batch_0001/shot_00019.png"
"20","game_screenshots_generated/batch_0001/shot_00020.png"
"21","game_screenshots_generated/batch_0001/shot_00021.png"
"22","game_screenshots_generated/batch_0001/shot_00022.png"
"23","game_screenshots_generated/batch_0001/shot_00023.png"
"24","game_screenshots_generated/batch_0001/shot_00024.png"
"25","game_screenshots_generated/batch_0001/shot_00025.png"
"26","game_screenshots_generated/batch_0001/shot_00026.png"
"27","game_screenshots_generated/batch_0001/shot_00027.png"
"28","game_screenshots_generated/batch_0001/shot_00028.png"
"29","game_screenshots_generated/batch_0001/shot_00029.png"
"30","game_screenshots_generated/batch_0001/shot_00030.png"
"31","game_screenshots_generated/batch_0001/shot_00031.png"
"32","game_screenshots_generated/batch_0001/shot_00032.png"
"33","game_screenshots_generated/batch_0001/shot_00033.png"
"34","game_screenshots_generated/batch_0001/shot_00034.png"
"35","game_screenshots_generated/batch_0001/shot_00035.png"
"36","game_screenshots_generated/batch_0001/shot_00036.png"
"37","game_screenshots_generated/batch_0001/shot_00037.png"
"38","game_screenshots_generated/batch_0001/shot_00038.png"
"39","game_screenshots_generated/batch_0001/shot_00039.png"
"40","game_screenshots_generated/batch_0001/shot_00040.png"
"41","game_screenshots_generated/batch_0001/shot_00001.png"
"42","game_screenshots_generated/batch_0001/shot_00002.png"
"43","game_screenshots_generated/batch_0001/shot_00003.png"
"44","game_screenshots_generated/batch_0001/shot_00004.png"
"45","game_screenshots_generated/batch_0001/shot_00005.png"
"46","game_screenshots_generated/batch_0001/shot_00006.png"
"47","game_screenshots_generated/batch_0001/shot_00007.png"
"48","game_screenshots_generated/batch_0001/shot_00008.png"
"49","game_screenshots_generated/batch_0001/shot_00009.png"
"50","game_screenshots_generated/batch_0001/shot_00010.png"
"51","game_screenshots_generated/batch_0001/shot_00011.png"
"52","game_screenshots_generated/batch_0001/shot_00012.png"
"53","game_screenshots_generated/batch_0001/shot_00013.png"
"54","game_screenshots_generated/batch_0001/shot_00014.png"
"55","game_screenshots_generated/batch_0001/shot_00015.png"
"56","game_screenshots_generated/batch_0001/shot_00016.png"
"57","game_screenshots_generated/batch_0001/shot_00017.png"
"58","game_screenshots_generated/batch_0001/shot_00018.png"
"59","game_screenshots_generated/batch_0001/shot_00019.png"
"60","game_screenshots_generated/batch_0001/shot_00020.png"
"61","game_screenshots_generated/batch_0001/shot_00021.png"
"62","game_screenshots_generated/batch_0001/shot_00022.png"
"63","game_screenshots_generated/batch_0001/shot_00023.png"
"64","game_screenshots_generated/batch_0001/shot_00024.png"
"65","game_screenshots_generated/batch_0001/shot_00025.png"
"66","game_screenshots_generated/batch_0001/shot_00026.png"
"67","game_screenshots_generated/batch_0001/shot_00027.png"
"68","game_screenshots_generated/batch_0001/shot_00028.png"
"69","game_screenshots_generated/batch_0001/shot_00029.png"
"70","game_screenshots_generated/batch_0001/shot_00030.png"
"71","game_screenshots_generated/batch_0001/shot_00031.png"
"72","game_screenshots_generated/batch_0001/shot_00032.png"
"73","game_screenshots_generated/batch_0001/shot_00033.png"
"74","game_screenshots_generated/batch_0001/shot_00034.png"
"75","game_screenshots_generated/batch_0001/shot_00035.png"
"76","game_screenshots_generated/batch_0001/shot_00036.png"
"77","game_screenshots_generated/batch_0001/shot_00037.png"
"78","game_screenshots_generated/batch_0001/shot_00038.png"
"79","game_screenshots_generated/batch_0001/shot_00039.png"
"80","game_screenshots_generated/batch_0001/shot_00040.png"
"81","game_screenshots_generated/batch_0001/shot_00001.png"
"82","game_screenshots_generated/batch_0001/shot_00002.png"
"83","game_screenshots_generated/batch_0001/shot_00003.png"
"84","game_screenshots_generated/batch_0001/shot_00004.png"
"85","game_screenshots_generated/batch_0001/shot_00005.png"
"86","game_screenshots_generated/batch_0001/shot_00006.png"
"87","game_screenshots_generated/batch_0001/shot_00007.png"
"88","game_screenshots_generated/batch_0001/shot_00008.png"
"89","game_screenshots_generated/batch_0001/shot_00009.png"
"90","game_screenshots_generated/batch_0001/shot_00010.png"
"91","game_screenshots_generated/batch_0001/shot_00011.png"
"92","game_screenshots_generated/batch_0001/shot_00012.png"
"93","game_screenshots_generated/batch_0001/shot_00013.png"
"94","game_screenshots_generated/batch_0001/shot_00014.png"
"95","game_screenshots_generated/batch_0001/shot_00015.png"
"96","game_screenshots_generated/batch_0001/shot_00016.png"
"97","game_screenshots_generated/batch_0001/shot_00017.png"
"98","game_screenshots_generated/batch_0001/shot_00018.png"
"99","game_screenshots_generated/batch_0001/shot_00019.png"
"100","game_screenshots_generated/batch_0001/shot_00020.png"
"101","game_screenshots_generated/batch_0001/shot_00021.png"
"102","game_screenshots_generated/batch_0001/shot_00022.png"
"103","game_screenshots_generated/batch_0001/shot_00023.png"
"104","game_screenshots_generated/batch_0001/shot_00024.png"
"105","game_screenshots_generated/batch_0001/shot_00025.png"
"106","game_screenshots_generated/batch_0001/shot_00026.png"
"107","game_screenshots_generated/batch_0001/shot_00027.png"
"108","game_screenshots_generated/batch_0001/shot_00028.png"
"109","game_screenshots_generated/batch_0001/shot_00029.png"
"110","game_screenshots_generated/batch_0001/shot_00030.png"
"111","game_screenshots_generated/batch_0001/shot_00031.png"
"112","game_screenshots_generated/batch_0001/shot_00032.png"
"113","game_screenshots_generated/batch_0001/shot_00033.png"
"114","game_screenshots_generated/batch_0001/shot_00034.png"
"115","game_screenshots_generated/batch_0001/shot_00035.png"
"116","game_screenshots_generated/batch_0001/shot_00036.png"
"117","game_screenshots_generated/batch_0001/shot_00037.png"
"118","game_screenshots_generated/batch_0001/shot_00038.png"
"119","game_screenshots_generated/batch_0001/shot_00039.png"
"120","game_screenshots_generated/batch_0001/shot_00040.png"
"121","game_screenshots_generated/batch_0001/shot_00001.png"
"122","game_screenshots_generated/batch_0001/shot_00002.png"
"123","game_screenshots_generated/batch_0001/shot_00003.png"
"124","game_screenshots_generated/batch_0001/shot_00004.png"
"125","game_screenshots_generated/batch_0001/shot_00005.png"
"126","game_screenshots_generated/batch_0001/shot_00006.png"
"127","game_screenshots_generated/batch_0001/shot_00007.png"
"128","game_screenshots_generated/batch_0001/shot_00008.png"
"129","game_screenshots_generated/batch_0001/shot_00009.png"
"130","game_screenshots_generated/batch_0001/shot_00010.png"
"131","game_screenshots_generated/batch_0001/shot_00011.png"
"132","game_screenshots_generated/batch_0001/shot_00012.png"
"133","game_screenshots_generated/batch_0001/shot_00013.png"
"134","game_screenshots_generated/batch_0001/shot_00014.png"
"135","game_screenshots_generated/batch_0001/shot_00015.png"
"136","game_screenshots_generated/batch_0001/shot_00016.png"
"137","game_screenshots_generated/batch_0001/shot_00017.png"
"138","game_screenshots_generated/batch_0001/shot_00018.png"
"139","game_screenshots_generated/batch_0001/shot_00019.png"
"140","game_screenshots_generated/batch_0001/shot_00020.png"
"141","game_screenshots_generated/batch_0001/shot_00021.png"
"142","game_screenshots_generated/batch_0001/shot_00022.png"
"143","game_screenshots_generated/batch_0001/shot_00023.png"
"144","game_screenshots_generated/batch_0001/shot_00024.png"
"145","game_screenshots_generated/batch_0001/shot_00025.png"
"146","game_screenshots_generated/batch_0001/shot_00026.png"
"147","game_screenshots_generated/batch_0001/shot_00027.png"
"148","game_screenshots_generated/batch_0001/shot_00028.png"
"149","game_screenshots_generated/batch_0001/shot_00029.png"
"150","game_screenshots_generated/batch_0001/shot_00030.png"
"151","game_screenshots_generated/batch_0001/shot_00031.png"
"152","game_screenshots_generated/batch_0001/shot_00032.png"
"153","game_screenshots_generated/batch_0001/shot_00033.png"
"154","game_screenshots_generated/batch_0001/shot_00034.png"
"155","game_screenshots_generated/batch_0001/shot_00035.png"
"156","game_screenshots_generated/batch_0001/shot_00036.png"
"157","game_screenshots_generated/batch_0001/shot_00037.png"
"158","game_screenshots_generated/batch_0001/shot_00038.png"
"159","game_screenshots_generated/batch_0001/shot_00039.png"
"160","game_screenshots_generated/batch_0001/shot_00040.png"
"161","game_screenshots_generated/batch_0001/shot_00001.png"
"162","game_screenshots_generated/batch_0001/shot_00002.png"
"163","game_screenshots_generated/batch_0001/shot_00003.png"
"164","game_screenshots_generated/batch_0001/shot_00004.png"
"165","game_screenshots_generated/batch_0001/shot_00005.png"
"166","game_screenshots_generated/batch_0001/shot_00006.png"
"167","game_screenshots_generated/batch_0001/shot_00007.png"
"168","game_screenshots_generated/batch_0001/shot_00008.png"
"169","game_screenshots_generated/batch_0001/shot_00009.png"
"170","game_screenshots_generated/batch_0001/shot_00010.png"
"171","game_screenshots_generated/batch_0001/shot_00011.png"
"172","game_screenshots_generated/batch_0001/shot_00012.png"
"173","game_screenshots_generated/batch_0001/shot_00013.png"
"174","game_screenshots_generated/batch_0001/shot_00014.png"
"175","game_screenshots_generated/batch_0001/shot_00015.png"
"176","game_screenshots_generated/batch_0001/shot_00016.png"
"177","game_screenshots_generated/batch_0001/shot_00017.png"
"178","game_screenshots_generated/batch_0001/shot_00018.png"
"179","game_screenshots_generated/batch_0001/shot_00019.png"
"180","game_screenshots_generated/batch_0001/shot_00020.png"
"181","game_screenshots_generated/batch_0001/shot_00021.png"
"182","game_screenshots_generated/batch_0001/shot_00022.png"
"183","game_screenshots_generated/batch_0001/shot_00023.png"
"184","game_screenshots_generated/batch_0001/shot_00024.png"
"185","game_screenshots_generated/batch_0001/shot_00025.png"
"186","game_screenshots_generated/batch_0001/shot_00026.png"
"187","game_screenshots_generated/batch_0001/shot_00027.png"
"188","game_screenshots_generated/batch_0001/shot_00028.png"
"189","game_screenshots_generated/batch_0001/shot_00029.png"
"190","game_screenshots_generated/batch_0001/shot_00030.png"
"191","game_screenshots_generated/batch_0001/shot_00031.png"
"192","game_screenshots_generated/batch_0001/shot_00032.png"
"193","game_screenshots_generated/batch_0001/shot_00033.png"
"194","game_screenshots_generated/batch_0001/shot_00034.png"
"195","game_screenshots_generated/batch_0001/shot_00035.png"
"196","game_screenshots_generated/batch_0001/shot_00036.png"
"197","game_screenshots_generated/batch_0001/shot_00037.png"
"198","game_screenshots_generated/batch_0001/shot_00038.png"
"199","game_screenshots_generated/batch_0001/shot_00039.png"
"200","game_screenshots_generated/batch_0001/shot_00040.png"
"201","game_screenshots_generated/batch_0001/shot_00001.png"
"202","game_screenshots_generated/batch_0001/shot_00002.png"
"203","game_screenshots_generated/batch_0001/shot_00003.png"
"204","game_screenshots_generated/batch_0001/shot_00004.png"
"205","game_screenshots_generated/batch_0001/shot_00005.png"
"206","game_screenshots_generated/batch_0001/shot_00006.png"
"207","game_screenshots_generated/batch_0001/shot_00007.png"
"208","game_screenshots_generated/batch_0001/shot_00008.png"
"209","game_screenshots_generated/batch_0001/shot_00009.png"
"210","game_screenshots_generated/batch_0001/shot_00010.png"
"211","game_screenshots_generated/batch_0001/shot_00011.png"
"212","game_screenshots_generated/batch_0001/shot_00012.png"
"213","game_screenshots_generated/batch_0001/shot_00013.png"
"214","game_screenshots_generated/batch_0001/shot_00014.png"
"215","game_screenshots_generated/batch_0001/shot_00015.png"
"216","game_screenshots_generated/batch_0001/shot_00016.png"
"217","game_screenshots_generated/batch_0001/shot_00017.png"
"218","game_screenshots_generated/batch_0001/shot_00018.png"
"219","game_screenshots_generated/batch_0001/shot_00019.png"
"220","game_screenshots_generated/batch_0001/shot_00020.png"
"221","game_screenshots_generated/batch_0001/shot_00021.png"
"222","game_screenshots_generated/batch_0001/shot_00022.png"
"223","game_screenshots_generated/batch_0001/shot_00023.png"
"224","game_screenshots_generated/batch_0001/shot_00024.png"
"225","game_screenshots_generated/batch_0001/shot_00025.png"
"226","game_screenshots_generated/batch_0001/shot_00026.png"
"227","game_screenshots_generated/batch_0001/shot_00027.png"
"228","game_screenshots_generated/batch_0001/shot_00028.png"
"229","game_screenshots_generated/batch_0001/shot_00029.png"
"230","game_screenshots_generated/batch_0001/shot_00030.png"
"231","game_screenshots_generated/batch_0001/shot_00031.png"
"232","game_screenshots_generated/batch_0001/shot_00032.png"
"233","game_screenshots_generated/batch_0001/shot_00033.png"
"234","game_screenshots_generated/batch_0001/shot_00034.png"
"235","game_screenshots_generated/batch_0001/shot_00035.png"
"236","game_screenshots_generated/batch_0001/shot_00036.png"
"237","game_screenshots_generated/batch_0001/shot_00037.png"
"238","game_screenshots_generated/batch_0001/shot_00038.png"
"239","game_screenshots_generated/batch_0001/shot_00039.png"
"240","game_screenshots_generated/batch_0001/shot_00040.png"
"241","game_screenshots_generated/batch_0001/shot_00001.png"
"242","game_screenshots_generated/batch_0001/shot_00002.png"
"243","game_screenshots_generated/batch_0001/shot_00003.png"
"244","game_screenshots_generated/batch_0001/shot_00004.png"
"245","game_screenshots_generated/batch_0001/shot_00005.png"
"246","game_screenshots_generated/batch_0001/shot_00006.png"
"247","game_screenshots_generated/batch_0001/shot_00007.png"
"248","game_screenshots_generated/batch_0001/shot_00008.png"
"249","game_screenshots_generated/batch_0001/shot_00009.png"
"250","game_screenshots_generated/batch_0001/shot_00010.png"
"251","game_screenshots_generated/batch_0001/shot_00011.png"
"252","game_screenshots_generated/batch_0001/shot_00012.png"
"253","game_screenshots_generated/batch_0001/shot_00013.png"
"254","game_screenshots_generated/batch_0001/shot_00014.png"
"255","game_screenshots_generated/batch_0001/shot_00015.png"
"256","game_screenshots_generated/batch_0001/shot_00016.png"
"257","game_screenshots_generated/batch_0001/shot_00017.png"
"258","game_screenshots_generated/batch_0001/shot_00018.png"
"259","game_screenshots_generated/batch_0001/shot_00019.png"
"260","game_screenshots_generated/batch_0001/shot_00020.png"
"261","game_screenshots_generated/batch_0001/shot_00021.png"
"262","game_screenshots_generated/batch_0001/shot_00022.png"
"263","game_screenshots_generated/batch_0001/shot_00023.png"
"264","game_screenshots_generated/batch_0001/shot_00024.png"
"265","game_screenshots_generated/batch_0001/shot_00025.png"
"266","game_screenshots_generated/batch_0001/shot_00026.png"
"267","game_screenshots_generated/batch_0001/shot_00027.png"
"268","game_screenshots_generated/batch_0001/shot_00028.png"
"269","game_screenshots_generated/batch_0001/shot_00029.png"
"270","game_screenshots_generated/batch_0001/shot_00030.png"
"271","game_screenshots_generated/batch_0001/shot_00031.png"
"272","game_screenshots_generated/batch_0001/shot_00032.png"
"273","game_screenshots_generated/batch_0001/shot_00033.png"
"274","game_screenshots_generated/batch_0001/shot_00034.png"
"275","game_screenshots_generated/batch_0001/shot_00035.png"
"276","game_screenshots_generated/batch_0001/shot_00036.png"
"277","game_screenshots_generated/batch_0001/shot_00037.png"
"278","game_screenshots_generated/batch_0001/shot_00038.png"
"279","game_screenshots_generated/batch_0001/shot_00039.png"
"280","game_screenshots_generated/batch_0001/shot_00040.png"
"281","game_screenshots_generated/batch_0001/shot_00001.png"
"282","game_screenshots_generated/batch_0001/shot_00002.png"
"283","game_screenshots_generated/batch_0001/shot_00003.png"
"284","game_screenshots_generated/batch_0001/shot_00004.png"
"285","game_screenshots_generated/batch_0001/shot_00005.png"
"286","game_screenshots_generated/batch_0001/shot_00006.png"
"287","game_screenshots_generated/batch_0001/shot_00007.png"
"288","game_screenshots_generated/batch_0001/shot_00008.png"
"289","game_screenshots_generated/batch_0001/shot_00009.png"
"290","game_screenshots_generated/batch_0001/shot_00010.png"
"291","game_screenshots_generated/batch_0001/shot_00011.png"
"292","game_screenshots_generated/batch_0001/shot_00012.png"
"293","game_screenshots_generated/batch_0001/shot_00013.png"
"294","game_screenshots_generated/batch_0001/shot_00014.png"
"295","game_screenshots_generated/batch_0001/shot_00015.png"
"296","game_screenshots_generated/batch_0001/shot_00016.png"
"297","game_screenshots_generated/batch_0001/shot_00017.png"
"298","game_screenshots_generated/batch_0001/shot_00018.png"
"299","game_screenshots_generated/batch_0001/shot_00019.png"
"300","game_screenshots_generated/batch_0001/shot_00020.png"
"301","game_screenshots_generated/batch_0001/shot_00021.png"
"302","game_screenshots_generated/batch_0001/shot_00022.png"
"303","game_screenshots_generated/batch_0001/shot_00023.png"
"304","game_screenshots_generated/batch_0001/shot_00024.png"
"305","game_screenshots_generated/batch_0001/shot_00025.png"
"306","game_screenshots_generated/batch_0001/shot_00026.png"
"307","game_screenshots_generated/batch_0001/shot_00027.png"
"308","game_screenshots_generated/batch_0001/shot_00028.png"
"309","game_screenshots_generated/batch_0001/shot_00029.png"
"310","game_screenshots_generated/batch_0001/shot_00030.png"
"311","game_screenshots_generated/batch_0001/shot_00031.png"
"312","game_screenshots_generated/batch_0001/shot_00032.png"
"313","game_screenshots_generated/batch_0001/shot_00033.png"
"314","game_screenshots_generated/batch_0001/shot_00034.png"
"315","game_screenshots_generated/batch_0001/shot_00035.png"
"316","game_screenshots_generated/batch_0001/shot_00036.png"
"317","game_screenshots_generated/batch_0001/shot_00037.png"
"318","game_screenshots_generated/batch_0001/shot_00038.png"
"319","game_screenshots_generated/batch_0001/shot_00039.png"
"320","game_screenshots_generated/batch_0001/shot_00040.png"
