"id","source_url","local_path","note"
"1","https://shared.fastly.steamstatic.com/store_item_assets/steam/apps/489520/header.jpg","docs/plans/images/web_refs/web_ref_01.jpg","Minion Masters header"
"2","https://shared.fastly.steamstatic.com/store_item_assets/steam/apps/489520/capsule_616x353.jpg","docs/plans/images/web_refs/web_ref_02.jpg","Minion Masters capsule"
"3","https://shared.fastly.steamstatic.com/store_item_assets/steam/apps/489520/library_hero.jpg","docs/plans/images/web_refs/web_ref_03.jpg","Minion Masters hero"
"4","https://shared.fastly.steamstatic.com/store_item_assets/steam/apps/646570/header.jpg","docs/plans/images/web_refs/web_ref_04.jpg","Slay the Spire header"
"5","https://shared.fastly.steamstatic.com/store_item_assets/steam/apps/646570/capsule_616x353.jpg","docs/plans/images/web_refs/web_ref_05.jpg","Slay the Spire capsule"
"6","https://shared.fastly.steamstatic.com/store_item_assets/steam/apps/646570/library_hero.jpg","docs/plans/images/web_refs/web_ref_06.jpg","Slay the Spire hero"
"7","https://shared.fastly.steamstatic.com/store_item_assets/steam/apps/570/header.jpg","docs/plans/images/web_refs/web_ref_07.jpg","Dota 2 header"
"8","https://shared.fastly.steamstatic.com/store_item_assets/steam/apps/570/capsule_616x353.jpg","docs/plans/images/web_refs/web_ref_08.jpg","Dota 2 capsule"
"9","https://shared.fastly.steamstatic.com/store_item_assets/steam/apps/570/library_hero.jpg","docs/plans/images/web_refs/web_ref_09.jpg","Dota 2 hero"
"10","https://shared.fastly.steamstatic.com/store_item_assets/steam/apps/730/header.jpg","docs/plans/images/web_refs/web_ref_10.jpg","CS2 header"
"11","https://shared.fastly.steamstatic.com/store_item_assets/steam/apps/730/capsule_616x353.jpg","docs/plans/images/web_refs/web_ref_11.jpg","CS2 capsule"
"12","https://shared.fastly.steamstatic.com/store_item_assets/steam/apps/440/header.jpg","docs/plans/images/web_refs/web_ref_12.jpg","TF2 header"
"13","","docs/plans/images/web_refs/web_ref_00013.jpg",
"14","","docs/plans/images/web_refs/web_ref_00014.jpg",
"15","","docs/plans/images/web_refs/web_ref_00015.jpg",
"16","","docs/plans/images/web_refs/web_ref_00016.jpg",
"17","","docs/plans/images/web_refs/web_ref_00017.jpg",
"18","","docs/plans/images/web_refs/web_ref_00018.jpg",
"19","","docs/plans/images/web_refs/web_ref_00019.jpg",
"20","","docs/plans/images/web_refs/web_ref_00020.jpg",
"21","","docs/plans/images/web_refs/web_ref_00021.jpg",
"22","","docs/plans/images/web_refs/web_ref_00022.jpg",
"23","","docs/plans/images/web_refs/web_ref_00023.jpg",
"24","","docs/plans/images/web_refs/web_ref_00024.jpg",
"25","","docs/plans/images/web_refs/web_ref_00025.jpg",
"26","","docs/plans/images/web_refs/web_ref_00026.jpg",
"27","","docs/plans/images/web_refs/web_ref_00027.jpg",
"28","","docs/plans/images/web_refs/web_ref_00028.jpg",
"29","","docs/plans/images/web_refs/web_ref_00029.jpg",
"30","","docs/plans/images/web_refs/web_ref_00030.jpg",
"31","","docs/plans/images/web_refs/web_ref_00031.jpg",
"32","","docs/plans/images/web_refs/web_ref_00032.jpg",
"33","","docs/plans/images/web_refs/web_ref_00033.jpg",
"34","","docs/plans/images/web_refs/web_ref_00034.jpg",
"35","","docs/plans/images/web_refs/web_ref_00035.jpg",
"36","","docs/plans/images/web_refs/web_ref_00036.jpg",
"37","","docs/plans/images/web_refs/web_ref_00037.jpg",
"38","","docs/plans/images/web_refs/web_ref_00038.jpg",
"39","","docs/plans/images/web_refs/web_ref_00039.jpg",
"40","","docs/plans/images/web_refs/web_ref_00040.jpg",
"41","","docs/plans/images/web_refs/web_ref_00041.jpg",
"42","","docs/plans/images/web_refs/web_ref_00042.jpg",
"43","","docs/plans/images/web_refs/web_ref_00043.jpg",
"44","","docs/plans/images/web_refs/web_ref_00044.jpg",
"45","","docs/plans/images/web_refs/web_ref_00045.jpg",
"46","","docs/plans/images/web_refs/web_ref_00046.jpg",
"47","","docs/plans/images/web_refs/web_ref_00047.jpg",
"48","","docs/plans/images/web_refs/web_ref_00048.jpg",
"49","","docs/plans/images/web_refs/web_ref_00049.jpg",
"50","","docs/plans/images/web_refs/web_ref_00050.jpg",
"51","","docs/plans/images/web_refs/web_ref_00051.jpg",
"52","","docs/plans/images/web_refs/web_ref_00052.jpg",
"53","","docs/plans/images/web_refs/web_ref_00053.jpg",
"54","","docs/plans/images/web_refs/web_ref_00054.jpg",
"55","","docs/plans/images/web_refs/web_ref_00055.jpg",
"56","","docs/plans/images/web_refs/web_ref_00056.jpg",
"57","","docs/plans/images/web_refs/web_ref_00057.jpg",
"58","","docs/plans/images/web_refs/web_ref_00058.jpg",
"59","","docs/plans/images/web_refs/web_ref_00059.jpg",
"60","","docs/plans/images/web_refs/web_ref_00060.jpg",
"61","","docs/plans/images/web_refs/web_ref_00061.jpg",
"62","","docs/plans/images/web_refs/web_ref_00062.jpg",
"63","","docs/plans/images/web_refs/web_ref_00063.jpg",
"64","","docs/plans/images/web_refs/web_ref_00064.jpg",
"65","","docs/plans/images/web_refs/web_ref_00065.jpg",
"66","","docs/plans/images/web_refs/web_ref_00066.jpg",
"67","","docs/plans/images/web_refs/web_ref_00067.jpg",
"68","","docs/plans/images/web_refs/web_ref_00068.jpg",
"69","","docs/plans/images/web_refs/web_ref_00069.jpg",
"70","","docs/plans/images/web_refs/web_ref_00070.jpg",
"71","","docs/plans/images/web_refs/web_ref_00071.jpg",
"72","","docs/plans/images/web_refs/web_ref_00072.jpg",
"73","","docs/plans/images/web_refs/web_ref_00073.jpg",
"74","","docs/plans/images/web_refs/web_ref_00074.jpg",
"75","","docs/plans/images/web_refs/web_ref_00075.jpg",
"76","","docs/plans/images/web_refs/web_ref_00076.jpg",
"77","","docs/plans/images/web_refs/web_ref_00077.jpg",
"78","","docs/plans/images/web_refs/web_ref_00078.jpg",
"79","","docs/plans/images/web_refs/web_ref_00079.jpg",
"80","","docs/plans/images/web_refs/web_ref_00080.jpg",
"81","","docs/plans/images/web_refs/web_ref_00081.jpg",
"82","","docs/plans/images/web_refs/web_ref_00082.jpg",
"83","","docs/plans/images/web_refs/web_ref_00083.jpg",
"84","","docs/plans/images/web_refs/web_ref_00084.jpg",
"85","","docs/plans/images/web_refs/web_ref_00085.jpg",
"86","","docs/plans/images/web_refs/web_ref_00086.jpg",
"87","","docs/plans/images/web_refs/web_ref_00087.jpg",
"88","","docs/plans/images/web_refs/web_ref_00088.jpg",
"89","","docs/plans/images/web_refs/web_ref_00089.jpg",
"90","","docs/plans/images/web_refs/web_ref_00090.jpg",
"91","","docs/plans/images/web_refs/web_ref_00091.jpg",
"92","","docs/plans/images/web_refs/web_ref_00092.jpg",
"93","","docs/plans/images/web_refs/web_ref_00093.jpg",
"94","","docs/plans/images/web_refs/web_ref_00094.jpg",
"95","","docs/plans/images/web_refs/web_ref_00095.jpg",
"96","","docs/plans/images/web_refs/web_ref_00096.jpg",
"97","","docs/plans/images/web_refs/web_ref_00097.jpg",
"98","","docs/plans/images/web_refs/web_ref_00098.jpg",
"99","","docs/plans/images/web_refs/web_ref_00099.jpg",
"100","","docs/plans/images/web_refs/web_ref_00100.jpg",
"101","","docs/plans/images/web_refs/web_ref_00101.jpg",
"102","","docs/plans/images/web_refs/web_ref_00102.jpg",
"103","","docs/plans/images/web_refs/web_ref_00103.jpg",
"104","","docs/plans/images/web_refs/web_ref_00104.jpg",
"105","","docs/plans/images/web_refs/web_ref_00105.jpg",
"106","","docs/plans/images/web_refs/web_ref_00106.jpg",
"107","","docs/plans/images/web_refs/web_ref_00107.jpg",
"108","","docs/plans/images/web_refs/web_ref_00108.jpg",
"109","","docs/plans/images/web_refs/web_ref_00109.jpg",
"110","","docs/plans/images/web_refs/web_ref_00110.jpg",
"111","","docs/plans/images/web_refs/web_ref_00111.jpg",
"112","","docs/plans/images/web_refs/web_ref_00112.jpg",
"113","","docs/plans/images/web_refs/web_ref_00113.jpg",
"114","","docs/plans/images/web_refs/web_ref_00114.jpg",
"115","","docs/plans/images/web_refs/web_ref_00115.jpg",
"116","","docs/plans/images/web_refs/web_ref_00116.jpg",
"117","","docs/plans/images/web_refs/web_ref_00117.jpg",
"118","","docs/plans/images/web_refs/web_ref_00118.jpg",
"119","","docs/plans/images/web_refs/web_ref_00119.jpg",
"120","","docs/plans/images/web_refs/web_ref_00120.jpg",
"121","","docs/plans/images/web_refs/web_ref_00121.jpg",
"122","","docs/plans/images/web_refs/web_ref_00122.jpg",
"123","","docs/plans/images/web_refs/web_ref_00123.jpg",
"124","","docs/plans/images/web_refs/web_ref_00124.jpg",
"125","","docs/plans/images/web_refs/web_ref_00125.jpg",
"126","","docs/plans/images/web_refs/web_ref_00126.jpg",
"127","","docs/plans/images/web_refs/web_ref_00127.jpg",
"128","","docs/plans/images/web_refs/web_ref_00128.jpg",
"129","","docs/plans/images/web_refs/web_ref_00129.jpg",
"130","","docs/plans/images/web_refs/web_ref_00130.jpg",
"131","","docs/plans/images/web_refs/web_ref_00131.jpg",
"132","","docs/plans/images/web_refs/web_ref_00132.jpg",
"133","","docs/plans/images/web_refs/web_ref_00133.jpg",
"134","","docs/plans/images/web_refs/web_ref_00134.jpg",
"135","","docs/plans/images/web_refs/web_ref_00135.jpg",
"136","","docs/plans/images/web_refs/web_ref_00136.jpg",
"137","","docs/plans/images/web_refs/web_ref_00137.jpg",
"138","","docs/plans/images/web_refs/web_ref_00138.jpg",
"139","","docs/plans/images/web_refs/web_ref_00139.jpg",
"140","","docs/plans/images/web_refs/web_ref_00140.jpg",
"141","","docs/plans/images/web_refs/web_ref_00141.jpg",
"142","","docs/plans/images/web_refs/web_ref_00142.jpg",
"143","","docs/plans/images/web_refs/web_ref_00143.jpg",
"144","","docs/plans/images/web_refs/web_ref_00144.jpg",
"145","","docs/plans/images/web_refs/web_ref_00145.jpg",
"146","","docs/plans/images/web_refs/web_ref_00146.jpg",
"147","","docs/plans/images/web_refs/web_ref_00147.jpg",
"148","","docs/plans/images/web_refs/web_ref_00148.jpg",
"149","","docs/plans/images/web_refs/web_ref_00149.jpg",
"150","","docs/plans/images/web_refs/web_ref_00150.jpg",
"151","","docs/plans/images/web_refs/web_ref_00151.jpg",
"152","","docs/plans/images/web_refs/web_ref_00152.jpg",
"153","","docs/plans/images/web_refs/web_ref_00153.jpg",
"154","","docs/plans/images/web_refs/web_ref_00154.jpg",
"155","","docs/plans/images/web_refs/web_ref_00155.jpg",
"156","","docs/plans/images/web_refs/web_ref_00156.jpg",
"157","","docs/plans/images/web_refs/web_ref_00157.jpg",
"158","","docs/plans/images/web_refs/web_ref_00158.jpg",
"159","","docs/plans/images/web_refs/web_ref_00159.jpg",
"160","","docs/plans/images/web_refs/web_ref_00160.jpg",
"161","","docs/plans/images/web_refs/web_ref_00161.jpg",
"162","","docs/plans/images/web_refs/web_ref_00162.jpg",
"163","","docs/plans/images/web_refs/web_ref_00163.jpg",
"164","","docs/plans/images/web_refs/web_ref_00164.jpg",
"165","","docs/plans/images/web_refs/web_ref_00165.jpg",
"166","","docs/plans/images/web_refs/web_ref_00166.jpg",
"167","","docs/plans/images/web_refs/web_ref_00167.jpg",
"168","","docs/plans/images/web_refs/web_ref_00168.jpg",
"169","","docs/plans/images/web_refs/web_ref_00169.jpg",
"170","","docs/plans/images/web_refs/web_ref_00170.jpg",
"171","","docs/plans/images/web_refs/web_ref_00171.jpg",
"172","","docs/plans/images/web_refs/web_ref_00172.jpg",
"173","","docs/plans/images/web_refs/web_ref_00173.jpg",
"174","","docs/plans/images/web_refs/web_ref_00174.jpg",
"175","","docs/plans/images/web_refs/web_ref_00175.jpg",
"176","","docs/plans/images/web_refs/web_ref_00176.jpg",
"177","","docs/plans/images/web_refs/web_ref_00177.jpg",
"178","","docs/plans/images/web_refs/web_ref_00178.jpg",
"179","","docs/plans/images/web_refs/web_ref_00179.jpg",
"180","","docs/plans/images/web_refs/web_ref_00180.jpg",
"181","","docs/plans/images/web_refs/web_ref_00181.jpg",
"182","","docs/plans/images/web_refs/web_ref_00182.jpg",
"183","","docs/plans/images/web_refs/web_ref_00183.jpg",
"184","","docs/plans/images/web_refs/web_ref_00184.jpg",
"185","","docs/plans/images/web_refs/web_ref_00185.jpg",
"186","","docs/plans/images/web_refs/web_ref_00186.jpg",
"187","","docs/plans/images/web_refs/web_ref_00187.jpg",
"188","","docs/plans/images/web_refs/web_ref_00188.jpg",
"189","","docs/plans/images/web_refs/web_ref_00189.jpg",
"190","","docs/plans/images/web_refs/web_ref_00190.jpg",
"191","","docs/plans/images/web_refs/web_ref_00191.jpg",
"192","","docs/plans/images/web_refs/web_ref_00192.jpg",
"193","","docs/plans/images/web_refs/web_ref_00193.jpg",
"194","","docs/plans/images/web_refs/web_ref_00194.jpg",
"195","","docs/plans/images/web_refs/web_ref_00195.jpg",
"196","","docs/plans/images/web_refs/web_ref_00196.jpg",
"197","","docs/plans/images/web_refs/web_ref_00197.jpg",
"198","","docs/plans/images/web_refs/web_ref_00198.jpg",
"199","","docs/plans/images/web_refs/web_ref_00199.jpg",
"200","","docs/plans/images/web_refs/web_ref_00200.jpg",
"201","","docs/plans/images/web_refs/web_ref_00201.jpg",
"202","","docs/plans/images/web_refs/web_ref_00202.jpg",
"203","","docs/plans/images/web_refs/web_ref_00203.jpg",
"204","","docs/plans/images/web_refs/web_ref_00204.jpg",
"205","","docs/plans/images/web_refs/web_ref_00205.jpg",
"206","","docs/plans/images/web_refs/web_ref_00206.jpg",
"207","","docs/plans/images/web_refs/web_ref_00207.jpg",
"208","","docs/plans/images/web_refs/web_ref_00208.jpg",
"209","","docs/plans/images/web_refs/web_ref_00209.jpg",
"210","","docs/plans/images/web_refs/web_ref_00210.jpg",
"211","","docs/plans/images/web_refs/web_ref_00211.jpg",
"212","","docs/plans/images/web_refs/web_ref_00212.jpg",
"213","","docs/plans/images/web_refs/web_ref_00213.jpg",
"214","","docs/plans/images/web_refs/web_ref_00214.jpg",
"215","","docs/plans/images/web_refs/web_ref_00215.jpg",
"216","","docs/plans/images/web_refs/web_ref_00216.jpg",
"217","","docs/plans/images/web_refs/web_ref_00217.jpg",
"218","","docs/plans/images/web_refs/web_ref_00218.jpg",
"219","","docs/plans/images/web_refs/web_ref_00219.jpg",
"220","","docs/plans/images/web_refs/web_ref_00220.jpg",
"221","","docs/plans/images/web_refs/web_ref_00221.jpg",
"222","","docs/plans/images/web_refs/web_ref_00222.jpg",
"223","","docs/plans/images/web_refs/web_ref_00223.jpg",
"224","","docs/plans/images/web_refs/web_ref_00224.jpg",
"225","","docs/plans/images/web_refs/web_ref_00225.jpg",
"226","","docs/plans/images/web_refs/web_ref_00226.jpg",
"227","","docs/plans/images/web_refs/web_ref_00227.jpg",
"228","","docs/plans/images/web_refs/web_ref_00228.jpg",
"229","","docs/plans/images/web_refs/web_ref_00229.jpg",
"230","","docs/plans/images/web_refs/web_ref_00230.jpg",
"231","","docs/plans/images/web_refs/web_ref_00231.jpg",
"232","","docs/plans/images/web_refs/web_ref_00232.jpg",
"233","","docs/plans/images/web_refs/web_ref_00233.jpg",
"234","","docs/plans/images/web_refs/web_ref_00234.jpg",
"235","","docs/plans/images/web_refs/web_ref_00235.jpg",
"236","","docs/plans/images/web_refs/web_ref_00236.jpg",
"237","","docs/plans/images/web_refs/web_ref_00237.jpg",
"238","","docs/plans/images/web_refs/web_ref_00238.jpg",
"239","","docs/plans/images/web_refs/web_ref_00239.jpg",
"240","","docs/plans/images/web_refs/web_ref_00240.jpg",
"241","","docs/plans/images/web_refs/web_ref_00241.jpg",
"242","","docs/plans/images/web_refs/web_ref_00242.jpg",
"243","","docs/plans/images/web_refs/web_ref_00243.jpg",
"244","","docs/plans/images/web_refs/web_ref_00244.jpg",
"245","","docs/plans/images/web_refs/web_ref_00245.jpg",
"246","","docs/plans/images/web_refs/web_ref_00246.jpg",
"247","","docs/plans/images/web_refs/web_ref_00247.jpg",
"248","","docs/plans/images/web_refs/web_ref_00248.jpg",
"249","","docs/plans/images/web_refs/web_ref_00249.jpg",
"250","","docs/plans/images/web_refs/web_ref_00250.jpg",
"251","","docs/plans/images/web_refs/web_ref_00251.jpg",
"252","","docs/plans/images/web_refs/web_ref_00252.jpg",
"253","","docs/plans/images/web_refs/web_ref_00253.jpg",
"254","","docs/plans/images/web_refs/web_ref_00254.jpg",
"255","","docs/plans/images/web_refs/web_ref_00255.jpg",
"256","","docs/plans/images/web_refs/web_ref_00256.jpg",
"257","","docs/plans/images/web_refs/web_ref_00257.jpg",
"258","","docs/plans/images/web_refs/web_ref_00258.jpg",
"259","","docs/plans/images/web_refs/web_ref_00259.jpg",
"260","","docs/plans/images/web_refs/web_ref_00260.jpg",
"261","","docs/plans/images/web_refs/web_ref_00261.jpg",
"262","","docs/plans/images/web_refs/web_ref_00262.jpg",
"263","","docs/plans/images/web_refs/web_ref_00263.jpg",
"264","","docs/plans/images/web_refs/web_ref_00264.jpg",
"265","","docs/plans/images/web_refs/web_ref_00265.jpg",
"266","","docs/plans/images/web_refs/web_ref_00266.jpg",
"267","","docs/plans/images/web_refs/web_ref_00267.jpg",
"268","","docs/plans/images/web_refs/web_ref_00268.jpg",
"269","","docs/plans/images/web_refs/web_ref_00269.jpg",
"270","","docs/plans/images/web_refs/web_ref_00270.jpg",
"271","","docs/plans/images/web_refs/web_ref_00271.jpg",
"272","","docs/plans/images/web_refs/web_ref_00272.jpg",
"273","","docs/plans/images/web_refs/web_ref_00273.jpg",
"274","","docs/plans/images/web_refs/web_ref_00274.jpg",
"275","","docs/plans/images/web_refs/web_ref_00275.jpg",
"276","","docs/plans/images/web_refs/web_ref_00276.jpg",
"277","","docs/plans/images/web_refs/web_ref_00277.jpg",
"278","","docs/plans/images/web_refs/web_ref_00278.jpg",
"279","","docs/plans/images/web_refs/web_ref_00279.jpg",
"280","","docs/plans/images/web_refs/web_ref_00280.jpg",
"281","","docs/plans/images/web_refs/web_ref_00281.jpg",
"282","","docs/plans/images/web_refs/web_ref_00282.jpg",
"283","","docs/plans/images/web_refs/web_ref_00283.jpg",
"284","","docs/plans/images/web_refs/web_ref_00284.jpg",
"285","","docs/plans/images/web_refs/web_ref_00285.jpg",
"286","","docs/plans/images/web_refs/web_ref_00286.jpg",
"287","","docs/plans/images/web_refs/web_ref_00287.jpg",
"288","","docs/plans/images/web_refs/web_ref_00288.jpg",
"289","","docs/plans/images/web_refs/web_ref_00289.jpg",
"290","","docs/plans/images/web_refs/web_ref_00290.jpg",
"291","","docs/plans/images/web_refs/web_ref_00291.jpg",
"292","","docs/plans/images/web_refs/web_ref_00292.jpg",
"293","","docs/plans/images/web_refs/web_ref_00293.jpg",
"294","","docs/plans/images/web_refs/web_ref_00294.jpg",
"295","","docs/plans/images/web_refs/web_ref_00295.jpg",
"296","","docs/plans/images/web_refs/web_ref_00296.jpg",
"297","","docs/plans/images/web_refs/web_ref_00297.jpg",
"298","","docs/plans/images/web_refs/web_ref_00298.jpg",
"299","","docs/plans/images/web_refs/web_ref_00299.jpg",
"300","","docs/plans/images/web_refs/web_ref_00300.jpg",
"301","","docs/plans/images/web_refs/web_ref_00301.jpg",
"302","","docs/plans/images/web_refs/web_ref_00302.jpg",
"303","","docs/plans/images/web_refs/web_ref_00303.jpg",
"304","","docs/plans/images/web_refs/web_ref_00304.jpg",
"305","","docs/plans/images/web_refs/web_ref_00305.jpg",
"306","","docs/plans/images/web_refs/web_ref_00306.jpg",
"307","","docs/plans/images/web_refs/web_ref_00307.jpg",
"308","","docs/plans/images/web_refs/web_ref_00308.jpg",
"309","","docs/plans/images/web_refs/web_ref_00309.jpg",
"310","","docs/plans/images/web_refs/web_ref_00310.jpg",
"311","","docs/plans/images/web_refs/web_ref_00311.jpg",
"312","","docs/plans/images/web_refs/web_ref_00312.jpg",
"313","","docs/plans/images/web_refs/web_ref_00313.jpg",
"314","","docs/plans/images/web_refs/web_ref_00314.jpg",
"315","","docs/plans/images/web_refs/web_ref_00315.jpg",
"316","","docs/plans/images/web_refs/web_ref_00316.jpg",
"317","","docs/plans/images/web_refs/web_ref_00317.jpg",
"318","","docs/plans/images/web_refs/web_ref_00318.jpg",
"319","","docs/plans/images/web_refs/web_ref_00319.jpg",
"320","","docs/plans/images/web_refs/web_ref_00320.jpg",
"321","","docs/plans/images/web_refs/web_ref_00321.jpg",
"322","","docs/plans/images/web_refs/web_ref_00322.jpg",
"323","","docs/plans/images/web_refs/web_ref_00323.jpg",
"324","","docs/plans/images/web_refs/web_ref_00324.jpg",
"325","","docs/plans/images/web_refs/web_ref_00325.jpg",
"326","","docs/plans/images/web_refs/web_ref_00326.jpg",
"327","","docs/plans/images/web_refs/web_ref_00327.jpg",
"328","","docs/plans/images/web_refs/web_ref_00328.jpg",
"329","","docs/plans/images/web_refs/web_ref_00329.jpg",
"330","","docs/plans/images/web_refs/web_ref_00330.jpg",
"331","","docs/plans/images/web_refs/web_ref_00331.jpg",
"332","","docs/plans/images/web_refs/web_ref_00332.jpg",
"333","","docs/plans/images/web_refs/web_ref_00333.jpg",
"334","","docs/plans/images/web_refs/web_ref_00334.jpg",
"335","","docs/plans/images/web_refs/web_ref_00335.jpg",
"336","","docs/plans/images/web_refs/web_ref_00336.jpg",
"337","","docs/plans/images/web_refs/web_ref_00337.jpg",
"338","","docs/plans/images/web_refs/web_ref_00338.jpg",
"339","","docs/plans/images/web_refs/web_ref_00339.jpg",
"340","","docs/plans/images/web_refs/web_ref_00340.jpg",
"341","","docs/plans/images/web_refs/web_ref_00341.jpg",
"342","","docs/plans/images/web_refs/web_ref_00342.jpg",
"343","","docs/plans/images/web_refs/web_ref_00343.jpg",
